Filename,Column 1,Column 2,Column 3,Column 4,Column 5,Column 6,Column 7,Column 8,Column 9,Column 10,Column 11,Column 12,Column 13,Column 14,Column 15,Column 16,Column 17,Column 18,Column 19,Column 20,Column 21,Column 22,Column 23,Column 24,Column 25,Column 26,Column 27,Column 28,Column 29,Column 30,Column 31,Column 32,Column 33,Column 34,Column 35,Column 36,Column 37,Column 38,Column 39,Column 40,Column 41,Column 42,Column 43,Column 44,Column 45,Column 46,Column 47,Column 48,Column 49,Column 50,Column 51,Column 52,Column 53,Column 54,Column 55,Column 56,Column 57,Column 58,Column 59,Column 60,Column 61,Column 62,Column 63,Column 64,Column 65,Column 66,Column 67,Column 68,Column 69,Column 70,Column 71,Column 72,Column 73,Column 74,Column 75,Column 76,Column 77,Column 78,Column 79,Column 80,Column 81,Column 82,Column 83,Column 84,Column 85,Column 86,Column 87,Column 88,Column 89,Column 90,Column 91,Column 92,Column 93,Column 94,Column 95,Column 96,Column 97,Column 98,Column 99,Column 100,Column 101,Column 102,Column 103,Column 104,Column 105,Column 106,Column 107,Column 108,Column 109,Column 110,Column 111,Column 112,Column 113,Column 114,Column 115,Column 116,Column 117,Column 118,Column 119,Column 120,Column 121,Column 122,Column 123,Column 124,Column 125,Column 126,Column 127,Column 128,Column 129,Column 130,Column 131,Column 132,Column 133,Column 134,Column 135,Column 136,Column 137,Column 138,Column 139,Column 140,Column 141,Column 142,Column 143,Column 144,Column 145,Column 146,Column 147,Column 148,Column 149,Column 150,Column 151,Column 152,Column 153,Column 154,Column 155,Column 156,Column 157,Column 158,Column 159,Column 160,Column 161,Column 162,Column 163,Column 164,Column 165,Column 166,Column 167,Column 168,Column 169,Column 170,Column 171
ACQ_C.csv,SEQN,ACD010A,ACD010B,ACD010C,ACQ020,ACQ030,ACD040,ACQ050,ACQ060,ACD070,ACD080,,,,,,,,,,,,,,,,,,,,,,,,,,,,,,,,,,,,,,,,,,,,,,,,,,,,,,,,,,,,,,,,,,,,,,,,,,,,,,,,,,,,,,,,,,,,,,,,,,,,,,,,,,,,,,,,,,,,,,,,,,,,,,,,,,,,,,,,,,,,,,,,,,,,,,,,,,,,,,,,
ALQ_C.csv,SEQN,ALQ101,ALQ110,ALQ120Q,ALQ120U,ALQ130,ALQ140Q,ALQ140U,ALQ150,,,,,,,,,,,,,,,,,,,,,,,,,,,,,,,,,,,,,,,,,,,,,,,,,,,,,,,,,,,,,,,,,,,,,,,,,,,,,,,,,,,,,,,,,,,,,,,,,,,,,,,,,,,,,,,,,,,,,,,,,,,,,,,,,,,,,,,,,,,,,,,,,,,,,,,,,,,,,,,,,,
BIX_C.csv,SEQN,BIAEXSTS,BIDFIT,BIDRECF,BIDRICF,BIDCM,BIDTD,BIDALPHA,BIDFC,BIDECF,BIDTBW,BIDICF,BIDFFM,BIDFAT,BIDPFAT,BIXS005K,BIXS006K,BIXS007K,BIXS008K,BIXS009K,BIXS010K,BIXS011K,BIXS012K,BIXS013K,BIXS014K,BIXS015K,BIXS016K,BIXS018K,BIXS020K,BIXS023K,BIXS025K,BIXS028K,BIXS031K,BIXS035K,BIXS039K,BIXS043K,BIXS050K,BIXS054K,BIXS060K,BIXS067K,BIXS075K,BIXS083K,BIXS093K,BIXS100K,BIXS115K,BIXS128K,BIXS143K,BIXS159K,BIXS177K,BIXS200K,BIXS220K,BIXS245K,BIXS273K,BIXS304K,BIXS339K,BIXS378K,BIXS421K,BIXS469K,BIXS500K,BIXS582K,BIXS649K,BIXS723K,BIXS806K,BIXS898K,BIXS1M,BIXC005K,BIXC006K,BIXC007K,BIXC008K,BIXC009K,BIXC010K,BIXC011K,BIXC012K,BIXC013K,BIXC014K,BIXC015K,BIXC016K,BIXC018K,BIXC020K,BIXC023K,BIXC025K,BIXC028K,BIXC031K,BIXC035K,BIXC039K,BIXC043K,BIXC050K,BIXC054K,BIXC060K,BIXC067K,BIXC075K,BIXC083K,BIXC093K,BIXC100K,BIXC115K,BIXC128K,BIXC143K,BIXC159K,BIXC177K,BIXC200K,BIXC220K,BIXC245K,BIXC273K,BIXC304K,BIXC339K,BIXC378K,BIXC421K,BIXC469K,BIXC500K,BIXC582K,BIXC649K,BIXC723K,BIXC806K,BIXC898K,BIXC1M,,,,,,,,,,,,,,,,,,,,,,,,,,,,,,,,,,,,,,,,,,,,,,,,,,,,,,,,
BMX_C.csv,SEQN,BMDSTATS,BMDRECUF,BMDSUBF,BMDTHICF,BMDLEGF,BMDARMLF,BMDCALFF,BMXWT,BMIWT,BMXRECUM,BMIRECUM,BMXHEAD,BMIHEAD,BMXHT,BMIHT,BMXBMI,BMXLEG,BMILEG,BMXCALF,BMICALF,BMXARML,BMIARML,BMXARMC,BMIARMC,BMXWAIST,BMIWAIST,BMXTHICR,BMITHICR,BMXTRI,BMITRI,BMXSUB,BMISUB,,,,,,,,,,,,,,,,,,,,,,,,,,,,,,,,,,,,,,,,,,,,,,,,,,,,,,,,,,,,,,,,,,,,,,,,,,,,,,,,,,,,,,,,,,,,,,,,,,,,,,,,,,,,,,,,,,,,,,,,,,,,,,,,,,,,,,,,,,
BPQ_C.csv,SEQN,BPQ010,BPQ020,BPQ030,BPQ040A,BPQ040B,BPQ040C,BPQ040D,BPQ040E,BPQ040F,BPQ043A,BPQ043B,BPQ043C,BPQ043D,BPQ050A,BPQ050B,BPQ050C,BPQ050D,BPQ050E,BPQ060,BPQ070,BPQ080,BPQ090A,BPQ090B,BPQ090C,BPQ090D,BPQ100A,BPQ100B,BPQ100C,BPQ100D,BPD110A,BPD110B,BPD110C,BPD120,BPD130,BPD140,,,,,,,,,,,,,,,,,,,,,,,,,,,,,,,,,,,,,,,,,,,,,,,,,,,,,,,,,,,,,,,,,,,,,,,,,,,,,,,,,,,,,,,,,,,,,,,,,,,,,,,,,,,,,,,,,,,,,,,,,,,,,,,,,,,,,,,
BPX_C.csv,SEQN,PEASCST1,PEASCTM1,PEASCCT1,BPXCHR,BPQ150A,BPQ150B,BPQ150C,BPQ150D,BPAARM,BPACSZ,BPXPLS,BPXDB,BPXPULS,BPXPTY,BPXML1,BPXSY1,BPXDI1,BPAEN1,BPXSY2,BPXDI2,BPAEN2,BPXSY3,BPXDI3,BPAEN3,BPXSY4,BPXDI4,BPAEN4,BPXSAR,BPXDAR,,,,,,,,,,,,,,,,,,,,,,,,,,,,,,,,,,,,,,,,,,,,,,,,,,,,,,,,,,,,,,,,,,,,,,,,,,,,,,,,,,,,,,,,,,,,,,,,,,,,,,,,,,,,,,,,,,,,,,,,,,,,,,,,,,,,,,,,,,,,,
CDQ_C.csv,SEQN,CDQ001,CDQ002,CDQ003,CDQ004,CDQ005,CDQ006,CDQ009A,CDQ009B,CDQ009C,CDQ009D,CDQ009E,CDQ009F,CDQ009G,CDQ009H,CDQ008,CDQ010,,,,,,,,,,,,,,,,,,,,,,,,,,,,,,,,,,,,,,,,,,,,,,,,,,,,,,,,,,,,,,,,,,,,,,,,,,,,,,,,,,,,,,,,,,,,,,,,,,,,,,,,,,,,,,,,,,,,,,,,,,,,,,,,,,,,,,,,,,,,,,,,,,,,,,,,,,
CIQDEP_C.csv,SEQN,WTSCI2YR,CIAORDER,CIQD001,CIQD002,CIQD003,CIQD004,CIQD005,CIQD006,CIQD007,CIQD008,CIQD009,CIQD010,CIQD011,CIQD012,CIQD013,CIQD014,CIQD015,CIQD016,CIQD017,CIQD018,CIQD019,CIQD020,CIQD021,CIQD022,CIQD023,CIQD024,CIQD025,CIQD026,CIQD027,CIQD028,CIQD029,CIQD030,CIQD031,CIQD032,CIQD033,CIQD034,CIQD035,CIQD036,CIQD037,CIQD038,CIQD040,CIQD041,CIQD042,CIQD043,CIQD044,CIQD045,CIQD046,CIQD047,CIQD048,CIQD049,CIQD050,CIQD051,CIQD052,CIQD053,CIQD054,CIQD055,CIQD056,CIQD057,CIQD058,CIQD059,CIQD060,CIQD061,CIQD062,CIQD064,CIQD065,CIQD066,CIQD067,CIQD068,CIQD069,CIQD071,CIQD072,CIQD073,CIQD074,CIQD075,CIQD076,CIQD077,CIQD078,CIQD079,CIQD080,CIQD081,CIQD083,CIQD084,CIQD085,CIQD086,CIQD087,CIQD088,CIQD089,CIQD090,CIQD091,CIQD092,CIQD093,CIQD095,CIQD096,CIQD097,CIQD098,CIQD099,CIQD100,CIQD101,CIQD102,CIQD103,CIQD104,CIQD105,CIQD106,CIQD107,CIQD108,CIQD109,CIQDPA,CIQDPB,CIQDPC,CIQDPD,CIQDPE,CIQDPF,CIQDPHA,CIQDPHB,CIQDPHC,CIQDPHD,CIQDPHE,CIQDPHF,CIQDPHG,CIQDPHH,CIQDPHI,CIQDPHJ,CIQDPHK,CIQDPJ,CIQDPK,CIQDPQ,CIQDPN,CIQDPO,CIDDPRB,CIQD110,CIQD111,CIQD112,CIQD113,CIDDSCOR,,,,,,,,,,,,,,,,,,,,,,,,,,,,,,,,,,,,
CIQGAD_C.csv,SEQN,WTSCI2YR,CIAORDER,CIQG01,CIQG02,CIQG03,CIQG04,CIQG05,CIQG06,CIQG07,CIQG08,CIQG09,CIQG10,CIQG12,CIQG13,CIQG14,CIQG15,CIQG16,CIQG17A,CIQG17B,CIQG17C,CIQG17D,CIQG17E,CIQG17F,CIQG17G,CIQG18,CIQGPA,CIQGPB,CIQGPC,CIQGPD,CIQGPE,CIQGPF,CIQGPHA,CIQGPHB,CIQGPHC,CIQGPHD,CIQGPHE,CIQGPHF,CIQGPHG,CIQGPHH,CIQGPHI,CIQGPHJ,CIQGPHK,CIQGPJ,CIQGPK,CIQGPQ,CIQGPN,CIQGPO,CIDGPRB,CIQG19,CIQG20,CIQG21,CIQG22,CIQG23,CIQG24,CIQG25,CIQG26,CIQG27,CIQG28,CIQG29,CIQG30,CIQG31,CIQG32,CIQG33,CIQG34,CIQG35,CIQG36,CIQG37,CIQG38,CIDGSCOR,,,,,,,,,,,,,,,,,,,,,,,,,,,,,,,,,,,,,,,,,,,,,,,,,,,,,,,,,,,,,,,,,,,,,,,,,,,,,,,,,,,,,,,,,,,,,,,,,,,,,
CIQPAN_C.csv,SEQN,WTSCI2YR,CIAORDER,CIQP01,CIQP02,CIQP03,CIQP04,CIQP05,CIQP06,CIQP07,CIQP08,CIQP09,CIQP11,CIQP12,CIQP13A,CIQP13B,CIQP13C,CIQP13D,CIQP13E,CIQP13F,CIQP13G,CIQP13H,CIQP13I,CIQP13J,CIQP13K,CIQP13L,CIQP13M,CIQP13N,CIQP13O,CIQP13P,CIQP14,CIQP15,CIQP16,CIQP17,CIQP18,CIQP19,CIQP20,CIQP21A,CIQP21B,CIQP21C,CIQP21D,CIQP21E,CIQP21F,CIQP21G,CIQP21H,CIQP21I,CIQP21J,CIQP21K,CIQP21L,CIQP21M,CIQP21N,CIQP21O,CIQP21P,CIQP21Q,CIQP21R,CIQP21S,CIQP21T,CIQP23,CIQP24,CIQP25,CIQP26,CIQP27,CIQP28,CIQP29,CIQP31,CIQP32,CIQP33,CIQP34,CIQP36,CIQP37,CIQP38,CIQP40,CIQP41,CIQP42,CIQP44A,CIQP44B,CIQP44C,CIQP44D,CIQP44E,CIQP44F,CIQP44G,CIQP44H,CIQP44I,CIQP44J,CIQP44K,CIQP44L,CIQP44M,CIQP44N,CIQP44O,CIQP44P,CIQP44Q,CIQP44R,CIQP44S,CIQP44T,CIQP49,CIQP50,CIQP51,CIQP52,CIQP54,CIQP55,CIQP57,CIQP58,CIQPPA,CIQPPB,CIQPPC,CIQPPD,CIQPPE,CIQPPF,CIQPPHA,CIQPPHB,CIQPPHC,CIQPPHD,CIQPPHE,CIQPPHF,CIQPPHG,CIQPPHH,CIQPPHI,CIQPPHJ,CIQPPHK,CIQPPJ,CIQPPK,CIQPPQ,CIQPPN,CIQPPO,CIDPPRB,CIQP59,CIQP60,CIQP61,CIQP62,CIQP63,CIQP64,CIQP65,CIQP66,CIQP67,CIQP68,CIQP69,CIQP70,CIQP71,CIQP72,CIDPSCOR,,,,,,,,,,,,,,,,,,,,,,,,,,,,,,,
CVX_C.csv,SEQN,CVDEXSTS,CVDEXCMT,CVDEXCL1,CVDEXCL2,CVDEXCL3,CVDEXCL4,CVDEXCL5,CVDEXCL6,CVQ220A,CVQ220B,CVQ220C,CVQ220E,CVQ220G,CVQ220H,CVQ220I,CVQ220J,CVQ220K,CVQ220L,CVQ220M,CVDEXLEN,CVDEXMER,CVDPMHR,CVXPARC,CVDVOMAX,CVAPROT,CVDPROT,CVATEMP,CVAARM,CVACUFF,CVAVEST,CVAWS1,CVAWG1,CVDWTIM,CVXWRPE,CVDWHR,CVDWSY,CVDWDI,CVDS1S,CVDS1G,CVDS1TIM,CVXS1RPE,CVDS1HR,CVDS1SY,CVDS1DI,CVDS2S,CVDS2G,CVDS2TIM,CVXS2RPE,CVDS2HR,CVDS2SY,CVDS2DI,CVDR1TIM,CVDR1HR,CVDR1SY,CVDR1DI,CVDR2TIM,CVDR2HR,CVDR2SY,CVDR2DI,CVDR3TIM,CVDR3HR,CVDR3SY,CVDR3DI,CVDESVO2,CVDFITLV,,,,,,,,,,,,,,,,,,,,,,,,,,,,,,,,,,,,,,,,,,,,,,,,,,,,,,,,,,,,,,,,,,,,,,,,,,,,,,,,,,,,,,,,,,,,,,,,,,,,,,,,,
DBQ_C.csv,SEQN,DBQ010,DBD020,DBD030,DBD040,DBD050,DBD060,DBQ071A,DBQ071B,DBQ071C,DBQ071D,DBQ071U,DBD080,DBD090,DBD197,DBQ221A,DBQ221B,DBQ221C,DBQ221D,DBQ221U,DBQ229,DBQ235A,DBQ235B,DBQ235C,DBQ301,DBQ330,DBQ360,DBQ370,DBD381,DBQ390,DBQ400,DBD411,DBQ421,DBQ424,,,,,,,,,,,,,,,,,,,,,,,,,,,,,,,,,,,,,,,,,,,,,,,,,,,,,,,,,,,,,,,,,,,,,,,,,,,,,,,,,,,,,,,,,,,,,,,,,,,,,,,,,,,,,,,,,,,,,,,,,,,,,,,,,,,,,,,,,
DEMO_C.csv,SEQN,SDDSRVYR,RIDSTATR,RIDEXMON,RIAGENDR,RIDAGEYR,RIDAGEMN,RIDAGEEX,RIDRETH1,RIDRETH2,DMQMILIT,DMDBORN,DMDCITZN,DMDYRSUS,DMDEDUC3,DMDEDUC2,DMDEDUC,DMDSCHOL,DMDMARTL,DMDHHSIZ,INDHHINC,INDFMINC,INDFMPIR,RIDEXPRG,DMDHRGND,DMDHRAGE,DMDHRBRN,DMDHREDU,DMDHRMAR,DMDHSEDU,SIALANG,SIAPROXY,SIAINTRP,FIALANG,FIAPROXY,FIAINTRP,MIALANG,MIAPROXY,MIAINTRP,AIALANG,WTINT2YR,WTMEC2YR,SDMVPSU,SDMVSTRA,,,,,,,,,,,,,,,,,,,,,,,,,,,,,,,,,,,,,,,,,,,,,,,,,,,,,,,,,,,,,,,,,,,,,,,,,,,,,,,,,,,,,,,,,,,,,,,,,,,,,,,,,,,,,,,,,,,,,,,,,,,,,,,
DIQ_C.csv,SEQN,DIQ010,DID040G,DID040Q,DIQ050,DID060G,DID060Q,DIQ060U,DIQ070,DIQ080,DIQ090,DIQ100,DIQ110,DIQ120,DIQ130,DIQ140,DIQ150,,,,,,,,,,,,,,,,,,,,,,,,,,,,,,,,,,,,,,,,,,,,,,,,,,,,,,,,,,,,,,,,,,,,,,,,,,,,,,,,,,,,,,,,,,,,,,,,,,,,,,,,,,,,,,,,,,,,,,,,,,,,,,,,,,,,,,,,,,,,,,,,,,,,,,,,,,
DUQ_C.csv,SEQN,DUQ100,DUQ110,DUQ120,DUQ130,,,,,,,,,,,,,,,,,,,,,,,,,,,,,,,,,,,,,,,,,,,,,,,,,,,,,,,,,,,,,,,,,,,,,,,,,,,,,,,,,,,,,,,,,,,,,,,,,,,,,,,,,,,,,,,,,,,,,,,,,,,,,,,,,,,,,,,,,,,,,,,,,,,,,,,,,,,,,,,,,,,,,,
DXXAG_C.csv,SEQN,DXATRST,DXATRTV,DXXANFM,DXXANLM,DXXANTOM,DXXGYFM,DXXGYLM,DXXGYTOM,DXXAGRAT,DXXAPFAT,DXXGPFAT,,,,,,,,,,,,,,,,,,,,,,,,,,,,,,,,,,,,,,,,,,,,,,,,,,,,,,,,,,,,,,,,,,,,,,,,,,,,,,,,,,,,,,,,,,,,,,,,,,,,,,,,,,,,,,,,,,,,,,,,,,,,,,,,,,,,,,,,,,,,,,,,,,,,,,,,,,,,,,,
dxx_c.csv,SEQN,_MULT_,DXAEXSTS,DXITOT,DXIHE,DXXHEA,DXAHEBV,DXXHEBMC,DXXHEBMD,DXAHETV,DXXHEFAT,DXDHELE,DXXHELI,DXDHETOT,DXDHEPF,DXILA,DXXLAA,DXALABV,DXXLABMC,DXXLABMD,DXALATV,DXXLAFAT,DXDLALE,DXXLALI,DXDLATOT,DXDLAPF,DXILL,DXXLLA,DXALLBV,DXXLLBMC,DXXLLBMD,DXALLTV,DXXLLFAT,DXDLLLE,DXXLLLI,DXDLLTOT,DXDLLPF,DXIRA,DXXRAA,DXARABV,DXXRABMC,DXXRABMD,DXARATV,DXXRAFAT,DXDRALE,DXXRALI,DXDRATOT,DXDRAPF,DXIRL,DXXRLA,DXARLBV,DXXRLBMC,DXXRLBMD,DXARLTV,DXXRLFAT,DXDRLLE,DXXRLLI,DXDRLTOT,DXDRLPF,DXILR,DXXLRA,DXXLRBMC,DXXLRBMD,DXIRR,DXXRRA,DXXRRBMC,DXXRRBMD,DXITS,DXXTSA,DXXTSBMC,DXXTSBMD,DXILS,DXXLSA,DXXLSBMC,DXXLSBMD,DXIPE,DXXPEA,DXXPEBMC,DXXPEBMD,DXITR,DXDTRA,DXATRBV,DXDTRBMC,DXDTRBMD,DXATRTV,DXXTRFAT,DXDTRLE,DXXTRLI,DXDTRTOT,DXDTRPF,DXDSTA,DXDSTBMC,DXDSTBMD,DXDSTFAT,DXDSTLE,DXDSTLI,DXDSTTOT,DXDSTPF,DXDTOA,DXDTOBMC,DXDTOBMD,DXDTOFAT,DXDTOLE,DXDTOLI,DXDTOTOT,DXDTOPF,,,,,,,,,,,,,,,,,,,,,,,,,,,,,,,,,,,,,,,,,,,,,,,,,,,,,,,,,,,,,,,,,
HSQ_C.csv,SEQN,HSD010,HSQ470,HSQ480,HSQ490,HSQ500,HSQ510,HSQ520,HSQ571,HSQ580,HSQ590,HSAQUEX,,,,,,,,,,,,,,,,,,,,,,,,,,,,,,,,,,,,,,,,,,,,,,,,,,,,,,,,,,,,,,,,,,,,,,,,,,,,,,,,,,,,,,,,,,,,,,,,,,,,,,,,,,,,,,,,,,,,,,,,,,,,,,,,,,,,,,,,,,,,,,,,,,,,,,,,,,,,,,,
HUQ_C.csv,SEQN,HUQ010,HUQ020,HUQ030,HUQ040,HUQ050,HUQ060,HUQ071,HUD080,HUQ082,HUQ084,HUQ086,HUQ088A,HUQ088B,HUQ088C,HUQ090,,,,,,,,,,,,,,,,,,,,,,,,,,,,,,,,,,,,,,,,,,,,,,,,,,,,,,,,,,,,,,,,,,,,,,,,,,,,,,,,,,,,,,,,,,,,,,,,,,,,,,,,,,,,,,,,,,,,,,,,,,,,,,,,,,,,,,,,,,,,,,,,,,,,,,,,,,,
KIQ_P_C.csv,SEQN,KIQ081,KIQ101,KIQ106,KIQ121,KIQ141,KIQ161,KIQ182,KIQ321,KIQ341,KIQ361,KIQ381,KIQ400,,,,,,,,,,,,,,,,,,,,,,,,,,,,,,,,,,,,,,,,,,,,,,,,,,,,,,,,,,,,,,,,,,,,,,,,,,,,,,,,,,,,,,,,,,,,,,,,,,,,,,,,,,,,,,,,,,,,,,,,,,,,,,,,,,,,,,,,,,,,,,,,,,,,,,,,,,,,,,
KIQ_U_C.csv,SEQN,KIQ022,KIQ025,KIQ042,KIQ043,KIQ044,KIQ045,KIQ046,KIQ047,KIQ050,KIQ052,KIDUQUEX,,,,,,,,,,,,,,,,,,,,,,,,,,,,,,,,,,,,,,,,,,,,,,,,,,,,,,,,,,,,,,,,,,,,,,,,,,,,,,,,,,,,,,,,,,,,,,,,,,,,,,,,,,,,,,,,,,,,,,,,,,,,,,,,,,,,,,,,,,,,,,,,,,,,,,,,,,,,,,,
L11_C.csv,SEQN,LBXCRP,LBXBAP,LBXPT21,,,,,,,,,,,,,,,,,,,,,,,,,,,,,,,,,,,,,,,,,,,,,,,,,,,,,,,,,,,,,,,,,,,,,,,,,,,,,,,,,,,,,,,,,,,,,,,,,,,,,,,,,,,,,,,,,,,,,,,,,,,,,,,,,,,,,,,,,,,,,,,,,,,,,,,,,,,,,,,,,,,,,,,
L13AM_C.csv,SEQN,WTSAF2YR,LBXTR,LBDTRSI,LBDLDL,LBDLDLSI,,,,,,,,,,,,,,,,,,,,,,,,,,,,,,,,,,,,,,,,,,,,,,,,,,,,,,,,,,,,,,,,,,,,,,,,,,,,,,,,,,,,,,,,,,,,,,,,,,,,,,,,,,,,,,,,,,,,,,,,,,,,,,,,,,,,,,,,,,,,,,,,,,,,,,,,,,,,,,,,,,,,,
L13_C.csv,SEQN,LBXTC,LBXHDD,LBDTCSI,LBDHDDSI,,,,,,,,,,,,,,,,,,,,,,,,,,,,,,,,,,,,,,,,,,,,,,,,,,,,,,,,,,,,,,,,,,,,,,,,,,,,,,,,,,,,,,,,,,,,,,,,,,,,,,,,,,,,,,,,,,,,,,,,,,,,,,,,,,,,,,,,,,,,,,,,,,,,,,,,,,,,,,,,,,,,,,
L16_C.csv,SEQN,URXUCR,URXUCRSI,URXUMA,URXUMASI,,,,,,,,,,,,,,,,,,,,,,,,,,,,,,,,,,,,,,,,,,,,,,,,,,,,,,,,,,,,,,,,,,,,,,,,,,,,,,,,,,,,,,,,,,,,,,,,,,,,,,,,,,,,,,,,,,,,,,,,,,,,,,,,,,,,,,,,,,,,,,,,,,,,,,,,,,,,,,,,,,,,,,
L40_C.csv,SEQN,LBXSAL,LBDSALSI,LBXSATSI,LBXSASSI,LBXSAPSI,LBXSBU,LBDSBUSI,LBXSCA,LBDSCASI,LBXSCH,LBDSCHSI,LBXSC3SI,LBXSGTSI,LBXSGL,LBDSGLSI,LBXSIR,LBDSIRSI,LBXSLDSI,LBXSPH,LBDSPHSI,LBXSTB,LBDSTBSI,LBXSTP,LBDSTPSI,LBXSTR,LBDSTRSI,LBXSUA,LBDSUASI,LBXSCR,LBDSCRSI,LBXSNASI,LBXSKSI,LBXSCLSI,LBXSOSSI,LBXSGB,LBDSGBSI,,,,,,,,,,,,,,,,,,,,,,,,,,,,,,,,,,,,,,,,,,,,,,,,,,,,,,,,,,,,,,,,,,,,,,,,,,,,,,,,,,,,,,,,,,,,,,,,,,,,,,,,,,,,,,,,,,,,,,,,,,,,,,,,,,,,,,
LEXAB_C.csv,SEQN,LEDSCCT2,LEAARM,LEAARMC,LEDARMCF,LEQ020,LEAANKL,LEAANKLC,LEDANKCF,LEXBRP1,LEXBRP2,LEXBRPM,LEXLPTS1,LEXLPTS2,LEXLPTSM,LEXLABPI,LEXRPTS1,LEXRPTS2,LEXRPTSM,LEXRABPI,LEALPTPD,LEARPTPD,LEALAPNC,LEARAPNC,,,,,,,,,,,,,,,,,,,,,,,,,,,,,,,,,,,,,,,,,,,,,,,,,,,,,,,,,,,,,,,,,,,,,,,,,,,,,,,,,,,,,,,,,,,,,,,,,,,,,,,,,,,,,,,,,,,,,,,,,,,,,,,,,,,,,,,,,,,,,,,,,,,
LEXPN_C.csv,SEQN,LEDSCCT1,LEALAMP,LEALBUN,LEALLES,LEALLESS,LEARAMP,LEARBUN,LEARLES,LEARLESS,LEALPN,LEARPN,LEXLMH11,LEALM1C1,LEXLHAL1,LEALHAC1,LEXLMH51,LEALM5C1,LEXLMH12,LEALM1C2,LEXLHAL2,LEALHAC2,LEXLMH52,LEALM5C2,LEXLMH13,LEALM1C3,LEXLHAL3,LEALHAC3,LEXLMH53,LEALM5C3,LEXRMH11,LEARM1C1,LEXRHAL1,LEARHAC1,LEXRMH51,LEARM5C1,LEXRMH12,LEARM1C2,LEXRHAL2,LEARHAC2,LEXRMH52,LEARM5C2,LEXRMH13,LEXRHAL3,LEXRMH53,LEARM5C3,,,,,,,,,,,,,,,,,,,,,,,,,,,,,,,,,,,,,,,,,,,,,,,,,,,,,,,,,,,,,,,,,,,,,,,,,,,,,,,,,,,,,,,,,,,,,,,,,,,,,,,,,,,,,,,,,,,,,,,,,,,,,
MCQ_C.csv,SEQN,MCQ010,MCQ025,MCQ035,MCQ040,MCQ050,MCQ053,MCQ060,MCQ080,MCQ083,MCQ092,MCD093,MCQ114,MCQ117Q,MCQ117U,MCQ120A,MCQ120B,MCQ120C,MCQ120D,MCQ140,MCQ149,MCQ150G,MCQ150Q,MCQ160A,MCQ160B,MCQ160C,MCQ160D,MCQ160E,MCQ160F,MCQ160G,MCQ160J,MCQ160K,MCQ160L,MCQ160M,MCQ170K,MCQ170L,MCQ170M,MCQ180A,MCQ180B,MCQ180C,MCQ180D,MCQ180E,MCQ180F,MCQ180G,MCQ180K,MCQ180L,MCQ180M,MCQ190,MCQ220,MCQ230A,MCQ230B,MCQ230C,MCQ230D,MCQ240A,MCQ240B,MCQ240C,MCQ240D,MCQ240E,MCQ240F,MCQ240G,MCQ240H,MCQ240I,MCQ240J,MCQ240K,MCQ240L,MCQ240M,MCQ240N,MCQ240O,MCQ240P,MCQ240Q,MCQ240R,MCQ240S,MCQ240T,MCQ240U,MCQ240V,MCQ240W,MCQ240X,MCQ240Y,MCQ240Z,MCQ240AA,MCQ240BB,MCQ240CC,MCQ240DD,MCQ245A,MCQ245B,MCQ250A,MCQ250B,MCQ250C,MCQ250E,MCQ250F,MCQ250G,MCQ260AA,MCQ260AB,MCQ260AC,MCQ260AD,MCQ260AE,MCQ260AF,MCQ260AG,MCQ260AH,MCQ260AI,MCQ260BA,MCQ260BB,MCQ260BC,MCQ260BD,MCQ260BE,MCQ260BF,MCQ260BG,MCQ260BH,MCQ260BI,MCQ260CA,MCQ260CB,MCQ260CC,MCQ260CD,MCQ260CE,MCQ260CF,MCQ260CG,MCQ260CH,MCQ260CI,MCQ260EA,MCQ260EB,MCQ260EC,MCQ260ED,MCQ260EE,MCQ260EF,MCQ260EG,MCQ260EH,MCQ260EI,MCQ260FA,MCQ260FB,MCQ260FC,MCQ260FD,MCQ260FE,MCQ260FF,MCQ260FG,MCQ260FH,MCQ260FI,MCQ260GA,MCQ260GB,MCQ260GC,MCQ260GD,MCQ260GE,MCQ260GF,MCQ260GG,MCQ260GH,MCQ260GI,MCQ265,MCQ267A,MCQ267B,MCQ267C,MCQ267D,MCQ267E,MCQ270,MCQ280,MCQ290,,,,,,,,,,,,,,,,,
OCQ_C.csv,SEQN,OCD150,OCQ180,OCQ210,OCD230,OCD240,OCQ260,OCD270,OCQ290G,OCQ290Q,OCQ295,OCQ340,OCQ350,OCQ360,OCQ380,OCD390G,OCD390,OCD395,OCQ420,OCQ430,OCQ440,OCQ450,OCD470G,OCD470,OCD480,,,,,,,,,,,,,,,,,,,,,,,,,,,,,,,,,,,,,,,,,,,,,,,,,,,,,,,,,,,,,,,,,,,,,,,,,,,,,,,,,,,,,,,,,,,,,,,,,,,,,,,,,,,,,,,,,,,,,,,,,,,,,,,,,,,,,,,,,,,,,,,,,,
OHQ_C.csv,SEQN,OHQ030,OHQ033,OHQ095,OHQ115,OHQ620,OHQ630,OHQ640,OHQ650,OHQ660,OHQ670,OHQ680,OHD691,OHD700,OHD711A,OHD711B,OHD711C,OHD711D,OHD711E,OHD711G,OHD721,OHD730,OHD740,OHD750,OHQ760,OHQ770,OHQ780A,OHQ780B,OHQ780C,OHQ780D,OHQ780E,OHQ780F,OHQ780G,OHQ780H,OHQ780I,OHQ780J,OHQ780K,,,,,,,,,,,,,,,,,,,,,,,,,,,,,,,,,,,,,,,,,,,,,,,,,,,,,,,,,,,,,,,,,,,,,,,,,,,,,,,,,,,,,,,,,,,,,,,,,,,,,,,,,,,,,,,,,,,,,,,,,,,,,,,,,,,,,,
OHXADD_C.csv,SEQN,OHAEXSTS,OHDDEST,OHDFCST,OHXMAXIN,OHXFCRZ1,OHXFCRZ2,OHXFCRZ3,OHXFCRZ4,OHXFCRZ5,OHXFCRZ6,OHXFCRZ7,OHXFCRZ8,OHXFCLZ1,OHXFCLZ2,OHXFCLZ3,OHXFCLZ4,OHXFCLZ5,OHXFCLZ6,OHXFCLZ7,OHXFCLZ8,OHXFCANT,OHX08ESL,OHX08ESF,OHX08ESI,OHX07ESL,OHX07ESF,OHX07ESI,OHX06ESL,OHX06ESF,OHX06ESI,OHX03ESO,OHX09ESL,OHX09ESF,OHX09ESI,OHX10ESL,OHX10ESF,OHX10ESI,OHX11ESL,OHX11ESF,OHX11ESI,OHX14ESO,OHX25ESL,OHX25ESF,OHX25ESI,OHX26ESL,OHX26ESF,OHX26ESI,OHX27ESL,OHX27ESF,OHX27ESI,OHX30ESO,OHX24ESL,OHX24ESF,OHX24ESI,OHX23ESL,OHX23ESF,OHX23ESI,OHX22ESL,OHX22ESF,OHX22ESI,OHX19ESO,,,,,,,,,,,,,,,,,,,,,,,,,,,,,,,,,,,,,,,,,,,,,,,,,,,,,,,,,,,,,,,,,,,,,,,,,,,,,,,,,,,,,,,,,,,,,,,,,,,,,,,,,,,,,
OHXDEN_C (1).csv,SEQN,OHAEXSTS,OHASCST3,OHX08TC,OHX07TC,OHX06TC,OHX05TC,OHX04TC,OHX03TC,OHX02TC,OHX01TC,OHX09TC,OHX10TC,OHX11TC,OHX12TC,OHX13TC,OHX14TC,OHX15TC,OHX16TC,OHX24TC,OHX23TC,OHX22TC,OHX21TC,OHX20TC,OHX19TC,OHX18TC,OHX17TC,OHX25TC,OHX26TC,OHX27TC,OHX28TC,OHX29TC,OHX30TC,OHX31TC,OHX32TC,OHXIMP,OHXEDEN,OHX08CTC,OHX08CSC,OHX07CTC,OHX07CSC,OHX06CTC,OHX06CSC,OHX05CTC,OHX05CSC,OHX04CTC,OHX04CSC,OHX03CTC,OHX03CSC,OHX02CTC,OHX02CSC,OHX09CTC,OHX09CSC,OHX10CTC,OHX10CSC,OHX11CTC,OHX11CSC,OHX12CTC,OHX12CSC,OHX13CTC,OHX13CSC,OHX14CTC,OHX14CSC,OHX15CTC,OHX15CSC,OHX24CTC,OHX24CSC,OHX23CTC,OHX23CSC,OHX22CTC,OHX22CSC,OHX21CTC,OHX21CSC,OHX20CTC,OHX20CSC,OHX19CTC,OHX19CSC,OHX18CTC,OHX18CSC,OHX25CTC,OHX25CSC,OHX26CTC,OHX26CSC,OHX27CTC,OHX27CSC,OHX28CTC,OHX28CSC,OHX29CTC,OHX29CSC,OHX30CTC,OHX30CSC,OHX31CTC,OHX31CSC,OHXRCAR,OHXRRES,OHX07SE,OHX05SE,OHX04SE,OHX03SE,OHX02SE,OHX10SE,OHX12SE,OHX13SE,OHX14SE,OHX15SE,OHX21SE,OHX20SE,OHX19SE,OHX18SE,OHX28SE,OHX29SE,OHX30SE,OHX31SE,OHX08DI,OHX07DI,OHX06DI,OHX05DI,OHX04DI,OHX03DI,OHX02DI,OHX09DI,OHX10DI,OHX11DI,OHX12DI,OHX13DI,OHX14DI,OHX15DI,OHX24DI,OHX23DI,OHX22DI,OHX21DI,OHX20DI,OHX19DI,OHX18DI,OHX25DI,OHX26DI,OHX27DI,OHX28DI,OHX29DI,OHX30DI,OHX31DI,OHX08TR,OHX07TR,OHX09TR,OHX10TR,OHX24TR,OHX23TR,OHX25TR,OHX26TR,,,,,,,,,,,,,,,,,,,,,,
OHXDEN_C.csv,SEQN,OHAEXSTS,OHASCST3,OHX08TC,OHX07TC,OHX06TC,OHX05TC,OHX04TC,OHX03TC,OHX02TC,OHX01TC,OHX09TC,OHX10TC,OHX11TC,OHX12TC,OHX13TC,OHX14TC,OHX15TC,OHX16TC,OHX24TC,OHX23TC,OHX22TC,OHX21TC,OHX20TC,OHX19TC,OHX18TC,OHX17TC,OHX25TC,OHX26TC,OHX27TC,OHX28TC,OHX29TC,OHX30TC,OHX31TC,OHX32TC,OHXIMP,OHXEDEN,OHX08CTC,OHX08CSC,OHX07CTC,OHX07CSC,OHX06CTC,OHX06CSC,OHX05CTC,OHX05CSC,OHX04CTC,OHX04CSC,OHX03CTC,OHX03CSC,OHX02CTC,OHX02CSC,OHX09CTC,OHX09CSC,OHX10CTC,OHX10CSC,OHX11CTC,OHX11CSC,OHX12CTC,OHX12CSC,OHX13CTC,OHX13CSC,OHX14CTC,OHX14CSC,OHX15CTC,OHX15CSC,OHX24CTC,OHX24CSC,OHX23CTC,OHX23CSC,OHX22CTC,OHX22CSC,OHX21CTC,OHX21CSC,OHX20CTC,OHX20CSC,OHX19CTC,OHX19CSC,OHX18CTC,OHX18CSC,OHX25CTC,OHX25CSC,OHX26CTC,OHX26CSC,OHX27CTC,OHX27CSC,OHX28CTC,OHX28CSC,OHX29CTC,OHX29CSC,OHX30CTC,OHX30CSC,OHX31CTC,OHX31CSC,OHXRCAR,OHXRRES,OHX07SE,OHX05SE,OHX04SE,OHX03SE,OHX02SE,OHX10SE,OHX12SE,OHX13SE,OHX14SE,OHX15SE,OHX21SE,OHX20SE,OHX19SE,OHX18SE,OHX28SE,OHX29SE,OHX30SE,OHX31SE,OHX08DI,OHX07DI,OHX06DI,OHX05DI,OHX04DI,OHX03DI,OHX02DI,OHX09DI,OHX10DI,OHX11DI,OHX12DI,OHX13DI,OHX14DI,OHX15DI,OHX24DI,OHX23DI,OHX22DI,OHX21DI,OHX20DI,OHX19DI,OHX18DI,OHX25DI,OHX26DI,OHX27DI,OHX28DI,OHX29DI,OHX30DI,OHX31DI,OHX08TR,OHX07TR,OHX09TR,OHX10TR,OHX24TR,OHX23TR,OHX25TR,OHX26TR,,,,,,,,,,,,,,,,,,,,,,
OHXPRL_C.csv,SEQN,OHAEXSTS,OHASCST4,OHD18CJM,OHD18PCM,OHD18LAM,OHD18CJS,OHD18PCS,OHD18LAS,OHD18CJD,OHD18PCD,OHD18LAD,OHD19CJM,OHD19PCM,OHD19LAM,OHD19CJS,OHD19PCS,OHD19LAS,OHD19CJD,OHD19PCD,OHD19LAD,OHD20CJM,OHD20PCM,OHD20LAM,OHD20CJS,OHD20PCS,OHD20LAS,OHD20CJD,OHD20PCD,OHD20LAD,OHD21CJM,OHD21PCM,OHD21LAM,OHD21CJS,OHD21PCS,OHD21LAS,OHD21CJD,OHD21PCD,OHD21LAD,OHD22CJM,OHD22PCM,OHD22LAM,OHD22CJS,OHD22PCS,OHD22LAS,OHD22CJD,OHD22PCD,OHD22LAD,OHD23CJM,OHD23PCM,OHD23LAM,OHD23CJS,OHD23PCS,OHD23LAS,OHD23CJD,OHD23PCD,OHD23LAD,OHD24CJM,OHD24PCM,OHD24LAM,OHD24CJS,OHD24PCS,OHD24LAS,OHD24CJD,OHD24PCD,OHD24LAD,OHD31CJM,OHD31PCM,OHD31LAM,OHD31CJS,OHD31PCS,OHD31LAS,OHD31CJD,OHD31PCD,OHD31LAD,OHD30CJM,OHD30PCM,OHD30LAM,OHD30CJS,OHD30PCS,OHD30LAS,OHD30CJD,OHD30PCD,OHD30LAD,OHD29CJM,OHD29PCM,OHD29LAM,OHD29CJS,OHD29PCS,OHD29LAS,OHD29CJD,OHD29PCD,OHD29LAD,OHD28CJM,OHD28PCM,OHD28LAM,OHD28CJS,OHD28PCS,OHD28LAS,OHD28CJD,OHD28PCD,OHD28LAD,OHD27CJM,OHD27PCM,OHD27LAM,OHD27CJS,OHD27PCS,OHD27LAS,OHD27CJD,OHD27PCD,OHD27LAD,OHD26CJM,OHD26PCM,OHD26LAM,OHD26CJS,OHD26PCS,OHD26LAS,OHD26CJD,OHD26PCD,OHD26LAD,OHD25CJM,OHD25PCM,OHD25LAM,OHD25CJS,OHD25PCS,OHD25LAS,OHD25CJD,OHD25PCD,OHD25LAD,OHX18BPD,OHX18BPM,OHX18BPS,OHX19BPD,OHX19BPM,OHX19BPS,OHX20BPD,OHX20BPM,OHX20BPS,OHX21BPD,OHX21BPM,OHX21BPS,OHX22BPD,OHX22BPM,OHX22BPS,OHX23BPD,OHX23BPM,OHX23BPS,OHX24BPD,OHX24BPM,OHX24BPS,OHX31BPD,OHX31BPM,OHX31BPS,OHX30BPD,OHX30BPM,OHX30BPS,OHX29BPD,OHX29BPM,OHX29BPS,OHX28BPD,OHX28BPM,OHX28BPS,OHX27BPD,OHX27BPM,OHX27BPS,OHX26BPD,OHX26BPM,OHX26BPS,OHX25BPD,OHX25BPM,OHX25BPS
OHXPRU_C.csv,SEQN,OHAEXSTS,OHASCST4,OHD02CJM,OHD02PCM,OHD02LAM,OHD02CJS,OHD02PCS,OHD02LAS,OHD02CJD,OHD02PCD,OHD02LAD,OHD03CJM,OHD03PCM,OHD03LAM,OHD03CJS,OHD03PCS,OHD03LAS,OHD03CJD,OHD03PCD,OHD03LAD,OHD04CJM,OHD04PCM,OHD04LAM,OHD04CJS,OHD04PCS,OHD04LAS,OHD04CJD,OHD04PCD,OHD04LAD,OHD05CJM,OHD05PCM,OHD05LAM,OHD05CJS,OHD05PCS,OHD05LAS,OHD05CJD,OHD05PCD,OHD05LAD,OHD06CJM,OHD06PCM,OHD06LAM,OHD06CJS,OHD06PCS,OHD06LAS,OHD06CJD,OHD06PCD,OHD06LAD,OHD07CJM,OHD07PCM,OHD07LAM,OHD07CJS,OHD07PCS,OHD07LAS,OHD07CJD,OHD07PCD,OHD07LAD,OHD08CJM,OHD08PCM,OHD08LAM,OHD08CJS,OHD08PCS,OHD08LAS,OHD08CJD,OHD08PCD,OHD08LAD,OHD15CJM,OHD15PCM,OHD15LAM,OHD15CJS,OHD15PCS,OHD15LAS,OHD15CJD,OHD15PCD,OHD15LAD,OHD14CJM,OHD14PCM,OHD14LAM,OHD14CJS,OHD14PCS,OHD14LAS,OHD14CJD,OHD14PCD,OHD14LAD,OHD13CJM,OHD13PCM,OHD13LAM,OHD13CJS,OHD13PCS,OHD13LAS,OHD13CJD,OHD13PCD,OHD13LAD,OHD12CJM,OHD12PCM,OHD12LAM,OHD12CJS,OHD12PCS,OHD12LAS,OHD12CJD,OHD12PCD,OHD12LAD,OHD11CJM,OHD11PCM,OHD11LAM,OHD11CJS,OHD11PCS,OHD11LAS,OHD11CJD,OHD11PCD,OHD11LAD,OHD10CJM,OHD10PCM,OHD10LAM,OHD10CJS,OHD10PCS,OHD10LAS,OHD10CJD,OHD10PCD,OHD10LAD,OHD09CJM,OHD09PCM,OHD09LAM,OHD09CJS,OHD09PCS,OHD09LAS,OHD09CJD,OHD09PCD,OHD09LAD,OHX02BPD,OHX02BPM,OHX02BPS,OHX03BPD,OHX03BPM,OHX03BPS,OHX04BPD,OHX04BPM,OHX04BPS,OHX05BPD,OHX05BPM,OHX05BPS,OHX06BPD,OHX06BPM,OHX06BPS,OHX07BPD,OHX07BPM,OHX07BPS,OHX08BPD,OHX08BPM,OHX08BPS,OHX15BPD,OHX15BPM,OHX15BPS,OHX14BPD,OHX14BPM,OHX14BPS,OHX13BPD,OHX13BPM,OHX13BPS,OHX12BPD,OHX12BPM,OHX12BPS,OHX11BPD,OHX11BPM,OHX11BPS,OHX10BPD,OHX10BPM,OHX10BPS,OHX09BPD,OHX09BPM,OHX09BPS
OHXREF_C.csv,SEQN,OHAEXSTS,OHASCST5,OHQ131,OHQ132,OHQ134,OHQ136,OHQ138,OHQ140,OHQ142,OHQ144,OHQ146,OHQ148,OHQ011,OHQ490A,OHQ490B,OHQ490C,OHQ490D,OHQ490E,OHQ490F,OHQ490G,OHQ490H,OHQ490I,OHQ490J,OHQ490K,OHQ490L,OHQ490M,OHQ490N,OHQ410,OHQ420,OHQ430,OHQ440,OHAREC,OHAROCDT,OHAROCGP,OHAROCOH,OHAROCCI,OHAROCDE,OHAROTH,OHARNF,OHARCMT,OHAPOS,,,,,,,,,,,,,,,,,,,,,,,,,,,,,,,,,,,,,,,,,,,,,,,,,,,,,,,,,,,,,,,,,,,,,,,,,,,,,,,,,,,,,,,,,,,,,,,,,,,,,,,,,,,,,,,,,,,,,,,,,,,,,,,,,
OSQ_C.csv,SEQN,OSQ010A,OSQ010B,OSQ010C,OSQ020A,OSQ020B,OSQ020C,OSD030AA,OSQ040AA,OSD050AA,OSD030AB,OSQ040AB,OSD050AB,OSD030BA,OSQ040BA,OSD050BA,OSD030BB,OSQ040BB,OSD050BB,OSD030BC,OSQ040BC,OSD030BD,OSQ040BD,OSD050BD,OSD030BE,OSQ040BE,OSD030BF,OSQ040BF,OSD030CA,OSQ040CA,OSD050CA,OSD030CB,OSQ040CB,OSD050CB,OSD030CC,OSQ040CC,OSD050CC,OSD030CD,OSQ040CD,OSD050CD,OSD030CE,OSQ040CE,OSD050CE,OSD030CF,OSQ040CF,OSD030CG,OSQ040CG,OSD030CH,OSQ040CH,OSD030CI,OSQ040CI,OSD030CJ,OSQ040CJ,OSD050CJ,OSQ060,OSQ070,,,,,,,,,,,,,,,,,,,,,,,,,,,,,,,,,,,,,,,,,,,,,,,,,,,,,,,,,,,,,,,,,,,,,,,,,,,,,,,,,,,,,,,,,,,,,,,,,,,,,,,,,,,,,,,,,,,
PAQIAF_C.csv,SEQN,PADACTIV,PADLEVEL,PADTIMES,PADDURAT,PADMETS,PAAQUEX,,,,,,,,,,,,,,,,,,,,,,,,,,,,,,,,,,,,,,,,,,,,,,,,,,,,,,,,,,,,,,,,,,,,,,,,,,,,,,,,,,,,,,,,,,,,,,,,,,,,,,,,,,,,,,,,,,,,,,,,,,,,,,,,,,,,,,,,,,,,,,,,,,,,,,,,,,,,,,,,,,,,
PAQ_C.csv,SEQN,PAD020,PAQ050Q,PAQ050U,PAD080,PAQ100,PAD120,PAD160,PAQ180,PAD200,PAD320,PAD440,PAD460,PAQ500,PAQ520,PAQ540,PAQ560,PAD590,PAD600,PAAQUEX,,,,,,,,,,,,,,,,,,,,,,,,,,,,,,,,,,,,,,,,,,,,,,,,,,,,,,,,,,,,,,,,,,,,,,,,,,,,,,,,,,,,,,,,,,,,,,,,,,,,,,,,,,,,,,,,,,,,,,,,,,,,,,,,,,,,,,,,,,,,,,,,,,,,,,,
paxraw_c.csv,SEQN,PAXSTAT,PAXCAL,PAXDAY,PAXN,PAXHOUR,PAXMINUT,PAXINTEN,,,,,,,,,,,,,,,,,,,,,,,,,,,,,,,,,,,,,,,,,,,,,,,,,,,,,,,,,,,,,,,,,,,,,,,,,,,,,,,,,,,,,,,,,,,,,,,,,,,,,,,,,,,,,,,,,,,,,,,,,,,,,,,,,,,,,,,,,,,,,,,,,,,,,,,,,,,,,,,,,,,
PFQ_C.csv,SEQN,PFQ010,PFQ015,PFQ020,PFQ030,PFQ041,PFQ049,PFQ051,PFQ054,PFQ057,PFQ059,PFQ061A,PFQ061B,PFQ061C,PFQ061D,PFQ061E,PFQ061F,PFQ061G,PFQ061H,PFQ061I,PFQ061J,PFQ061K,PFQ061L,PFQ061M,PFQ061N,PFQ061O,PFQ061P,PFQ061Q,PFQ061R,PFQ061S,PFQ061T,PFQ063A,PFQ063B,PFQ063C,PFQ063D,PFQ063E,PFD069A,PFD069B,PFD069C,PFD069D,PFD069E,PFD069F,PFD069G,PFD069H,PFD069I,PFD069J,PFD069K,PFD069L,PFD069M,PFD069N,PFD069O,PFD069P,PFD069Q,PFD069R,PFQ090,,,,,,,,,,,,,,,,,,,,,,,,,,,,,,,,,,,,,,,,,,,,,,,,,,,,,,,,,,,,,,,,,,,,,,,,,,,,,,,,,,,,,,,,,,,,,,,,,,,,,,,,,,,,,,,,,,,,
RDQ_C.csv,SEQN,RDQ031,RDD040,RDQ050,RDD060,RDQ070,RDQ080,RDQ090,RDQ100,RDD120,RDQ134,RDQ135,RDQ137,RDQ140,,,,,,,,,,,,,,,,,,,,,,,,,,,,,,,,,,,,,,,,,,,,,,,,,,,,,,,,,,,,,,,,,,,,,,,,,,,,,,,,,,,,,,,,,,,,,,,,,,,,,,,,,,,,,,,,,,,,,,,,,,,,,,,,,,,,,,,,,,,,,,,,,,,,,,,,,,,,,
RXQANA_C.csv,SEQN,RXD300,RXD310,RXD320,RXD330,RXD331Q,RXD331U,RXQ355,RXQ360G,RXQ360Q,RXQ360U,,,,,,,,,,,,,,,,,,,,,,,,,,,,,,,,,,,,,,,,,,,,,,,,,,,,,,,,,,,,,,,,,,,,,,,,,,,,,,,,,,,,,,,,,,,,,,,,,,,,,,,,,,,,,,,,,,,,,,,,,,,,,,,,,,,,,,,,,,,,,,,,,,,,,,,,,,,,,,,,
RXQ_RX_C.csv,SEQN,RXDUSE,RXDDRUG,RXDDRGID,RXQSEEN,RXDDAYS,RXDCOUNT,,,,,,,,,,,,,,,,,,,,,,,,,,,,,,,,,,,,,,,,,,,,,,,,,,,,,,,,,,,,,,,,,,,,,,,,,,,,,,,,,,,,,,,,,,,,,,,,,,,,,,,,,,,,,,,,,,,,,,,,,,,,,,,,,,,,,,,,,,,,,,,,,,,,,,,,,,,,,,,,,,,,
SMQ_C.csv,SEQN,SMQ020,SMD030,SMQ040,SMQ050Q,SMQ050U,SMD055,SMD057,SMD070,SMD075,SMQ077,SMD641,SMD650,SMD093,SMDUPCA,SMD100BR,SMD100FL,SMD100MN,SMD100LN,SMD100TR,SMD100NI,SMD100CO,SMQ120,SMD130,SMQ140,SMQ143,SMQ145,SMQ150,SMD160,SMQ170,SMQ173,SMQ175,SMQ180,SMD190,SMQ200,SMD203,SMQ205,SMQ210,SMD220,SMQ230,SMD233,SMD235,,,,,,,,,,,,,,,,,,,,,,,,,,,,,,,,,,,,,,,,,,,,,,,,,,,,,,,,,,,,,,,,,,,,,,,,,,,,,,,,,,,,,,,,,,,,,,,,,,,,,,,,,,,,,,,,,,,,,,,,,,,,,,,,,
SSFA_C.csv,SEQN,SSMR1_N,SSML1_N,SSPM1_N,SSPL1_N,SSST1_N,SSOL1_N,SSVC1_N,SSLNA_N,SSGLA_N,SSALN_N,SSHGL_N,SSAR1_N,SSEN1_N,SSED1_N,SSARA_N,SSEPA_N,SSDA1_N,SSDE1_N,SSDTA_N,SSDP6_N,SSDP3_N,SSDHA_N,SSLG1_N,SSNR1_N,WTSAF2YR,,,,,,,,,,,,,,,,,,,,,,,,,,,,,,,,,,,,,,,,,,,,,,,,,,,,,,,,,,,,,,,,,,,,,,,,,,,,,,,,,,,,,,,,,,,,,,,,,,,,,,,,,,,,,,,,,,,,,,,,,,,,,,,,,,,,,,,,,,,,,,,,,
SSTROP_A.csv,SEQN,WTSSCB2Y,WTSSCB4Y,SSTNT,SSTNTLC,SSTNIA,SSTNIALC,SSTNIS,SSTNISLC,SSTNIO,SSTNIOLC,SSPRISTP,,,,,,,,,,,,,,,,,,,,,,,,,,,,,,,,,,,,,,,,,,,,,,,,,,,,,,,,,,,,,,,,,,,,,,,,,,,,,,,,,,,,,,,,,,,,,,,,,,,,,,,,,,,,,,,,,,,,,,,,,,,,,,,,,,,,,,,,,,,,,,,,,,,,,,,,,,,,,,,
VIX_C.csv,SEQN,VIQ110,VIQ121,VIQ130,VIQ141,VIQ150,VIQ160,VIQ170,VIXNC1,VIXNC2,VIQ180,VIQ191,VIQ200,VIQ211,VIQ220,VIQ230,VIQ240,VIQ250,VIXPRS,VIXPRC,VIXPRA,VIXPLS,VIXPLC,VIXPLA,VIXOCMT,VIXORSM,VIXORCM,VIXORAM,VIDORFM,VIXOLSM,VIXOLCM,VIXOLAM,VIDOLFM,VIXKRM1,VIXKRD1,VIXKRG1,VIXKRM2,VIXKRD2,VIXKRG2,VIXKRMM,VIXKRDM,VIXKRCD,VIXKRCG,VIXKLM1,VIXKLD1,VIXKLG1,VIXKLM2,VIXKLD2,VIXKLG2,VIXKLMM,VIXKLDM,VIXKLCD,VIXKLCG,VIDRVA,VIDLVA,VIDROVA,VIDLOVA,,,,,,,,,,,,,,,,,,,,,,,,,,,,,,,,,,,,,,,,,,,,,,,,,,,,,,,,,,,,,,,,,,,,,,,,,,,,,,,,,,,,,,,,,,,,,,,,,,,,,,,,,,,,,,,,,,
WHQ_C.csv,SEQN,WHD010,WHD020,WHQ030,WHQ040,WHD050,WHQ060,WHQ070,WHD080A,WHD080B,WHD080C,WHD080D,WHD080E,WHD080F,WHD080G,WHD080H,WHD080I,WHD080J,WHD080K,WHD080L,WHD080M,WHD080N,WHQ090,WHD100A,WHD100B,WHD100C,WHD100D,WHD100E,WHD100F,WHD100G,WHD100H,WHD100I,WHD100J,WHD100K,WHD100L,WHD100M,WHD100N,WHD110,WHD120,WHD130,WHD140,WHQ150,,,,,,,,,,,,,,,,,,,,,,,,,,,,,,,,,,,,,,,,,,,,,,,,,,,,,,,,,,,,,,,,,,,,,,,,,,,,,,,,,,,,,,,,,,,,,,,,,,,,,,,,,,,,,,,,,,,,,,,,,,,,,,,,,
